region,start_year,end_year,slope_per_decade,r2,hw_median_final,hw_p95_final,rf_final
London_UK,1950,2024,0.15905146327317068,0.23153359666410545,14.910560510069327,16.21563164840485,13.69914348379369
SouthAfrica,1950,2050,0.2386969452470274,0.36174218319761076,24.949347676728515,24.949347676728515,24.026558350175886
India,1950,2050,0.11859371228730645,0.12863118152384034,32.91481051398573,32.91481051398573,33.02102889812107
Germany,1950,2050,0.209538392641922,0.31754562319154755,13.530985032299887,13.530985032299887,12.438703798937036
USA,1950,2050,0.3499200756075133,0.3222082988777685,19.712514035953657,19.712514035953657,18.257580395239142
Brazil,1950,2050,0.20621495554662403,0.33486968238091586,33.5800506851273,33.5800506851273,31.133492443296618
Australia,1950,2050,0.19091651709655186,0.3315087316961518,29.568459779367995,29.568459779367995,28.392065019836817
Arctic,1950,2050,0.9746822919752516,0.8106613942389506,-5.213834454744481,-5.213834454744481,-10.540549345010891
