region,start_year,end_year,slope_per_decade,r2,hw_median_final,hw_p95_final,rf_final
London_UK,1950,2024,0.15905146327317068,0.23153359666410545,14.910560510069327,16.21563164840485,13.69914348379369
SouthAfrica,1950,2024,0.13809761380040422,0.11282655871516045,24.855699935396153,26.165675493478567,24.026558350175886
India,1950,2024,0.0997906869248247,0.06439680973497941,32.980316866911146,34.178826971511036,33.02102889812107
Germany,1950,2024,0.1680234781331853,0.15738979970146794,13.591052264798286,14.703794246420022,12.438703798937036
USA,1950,2024,0.2531838042493661,0.20024706378388135,19.754169925876756,21.321245548771824,18.257580395239142
Brazil,1950,2024,0.1842682712024019,0.2668561078329871,33.65003612579785,34.641791622087155,31.133492443296618
Australia,1950,2024,0.16611775781123478,0.20184944624616874,29.66562841092299,30.629512643172372,28.392065019836817
Arctic,1950,2024,0.5915960396436006,0.5904615378407467,-5.184399104618251,-3.5114668592714136,-10.540549345010891
